{"cameraMode":{"drawMode":0,"name":"Shaded","section":"Shading Mode"},"sceneLighting":true,"audioPlay":false,"sceneViewState":{"m_AlwaysRefresh":false,"showFog":true,"showSkybox":true,"showFlares":true,"showImageEffects":true,"showParticleSystems":true,"showVisualEffectGraphs":true,"m_FxEnabled":true},"in2DMode":false,"pivot":{"x":0.9725647568702698,"y":-0.05494499206542969,"z":-8.52708911895752},"rotation":{"x":0.24669162929058076,"y":0.12459850311279297,"z":-0.03200102970004082,"w":0.9605194330215454},"size":0.7482573390007019,"orthographic":true}