{"cameraMode":{"drawMode":0,"name":"Shaded","section":"Shading Mode"},"sceneLighting":true,"audioPlay":false,"sceneViewState":{"showFog":true,"showMaterialUpdate":false,"showSkybox":true,"showFlares":true,"showImageEffects":true,"showParticleSystems":true,"showVisualEffectGraphs":true,"m_FxEnabled":true},"in2DMode":false,"pivot":{"x":0.5101299285888672,"y":-3.1521573066711427,"z":13.761066436767579},"rotation":{"x":-0.23976509273052216,"y":0.41464942693710329,"z":-0.11422739923000336,"w":-0.8703655004501343},"size":12.89472484588623,"orthographic":false}