{"cameraMode":{"drawMode":0,"name":"Shaded","section":"Shading Mode"},"sceneLighting":true,"audioPlay":false,"sceneViewState":{"m_AlwaysRefresh":false,"showFog":true,"showSkybox":true,"showFlares":true,"showImageEffects":true,"showParticleSystems":true,"showVisualEffectGraphs":true,"m_FxEnabled":true},"in2DMode":false,"pivot":{"x":0.7506267428398132,"y":-2.384185791015625e-7,"z":1.581228494644165},"rotation":{"x":0.24669162929058076,"y":0.12459850311279297,"z":-0.03200102970004082,"w":0.9605194330215454},"size":1.2247447967529297,"orthographic":true}