{"cameraMode":{"drawMode":0,"name":"Shaded","section":"Shading Mode"},"sceneLighting":true,"audioPlay":false,"sceneViewState":{"m_AlwaysRefresh":false,"showFog":true,"showSkybox":true,"showFlares":true,"showImageEffects":true,"showParticleSystems":true,"showVisualEffectGraphs":true,"m_FxEnabled":true},"in2DMode":false,"pivot":{"x":0.00001239776611328125,"y":-21.09468650817871,"z":92.03250122070313},"rotation":{"x":0.24669162929058076,"y":0.12459850311279297,"z":-0.03200102970004082,"w":0.9605194330215454},"size":533.548828125,"orthographic":true}